{"ingroup": [[53, 80, 0.6666666666666666, -0.670821], [80, 96, 0.8, 0.643663], [234, 242, 0.2, 0.957452], [242, 273, 0.0, 0.430626], [299, 329, 0.0, 0.95322], [414, 459, 0.29500000000000004, -0.898932], [459, 466, 0.8, 0.696198], [466, 494, 0.4, 0.965024], [534, 553, 0.3166666666666667, 0.553621], [626, 647, 0.1, 0], [682, 713, 0.125, -0.775925], [743, 769, 0.125, 0], [853, 868, 0.5, -0.925492], [895, 911, 0.0125, -0.934796], [1024, 1051, 0.5, -0.526913], [1051, 1070, 0.425, -0.528846], [1308, 1326, 0.25, 0], [1484, 1497, 0.8, -0.747256], [1543, 1566, 0.0, 0.559257], [1566, 1593, 0.011904761904761904, -0.661923], [1811, 1844, 0.14166666666666666, 0.897459], [1904, 1925, 0.18333333333333335, -0.414223], [2069, 2087, 0.3333333333333333, 0.96258], [2335, 2357, 0.0, 0.276425], [2464, 2482, 0.0, 0.926344], [2634, 2656, -0.06666666666666667, 0.906065], [2656, 2677, 0.4232323232323232, 0.909036], [2677, 2708, 0.13636363636363635, 0.755239], [2780, 2813, 0.19166666666666665, 0.710828], [3056, 3074, 0.8, 0.806233], [3199, 3220, 0.0, 0.691251]], "outgroup": [[373, 396, 0.0, -0.57228], [512, 534, -0.1875, -0.67753], [553, 566, 0.0, -0.808267], [608, 626, -0.07692307692307693, 0], [647, 658, 0.0, -0.967443], [713, 743, -0.1, -0.929267], [958, 972, 0.0, -0.948725], [1216, 1229, 0.0, -0.955706], [1249, 1259, -0.8, -0.929508], [1368, 1388, -0.9, -0.869587], [1605, 1624, -0.125, -0.764985], [1711, 1734, 0.0, -0.761775], [1984, 1995, 0.0, -0.74223], [1995, 2007, 0.0, -0.547869], [2392, 2398, 0.0, -0.712741], [3031, 3056, -0.1, -0.770439], [3106, 3133, 0.0, -0.866308]]}